glassdoor_balance,glassdoor_values,average,glassdoor_friend,glassdoor_opportunity,glassdoor_leadership,ceo_vs_market_cap,repetition,empathic_words,skips,major_scandal,i_we_you,half_hour_minute_response_rate,carbon_sector_score,glassdoor_comp,ten_minute_response_rate,glassdoor_ceo,carbon_country_score,proportion_women,stock_phrases,company,answers,five hour response rate
3,3,-0.8,0.54,2.8,2.7,0.0004096503,0.4132684114,0.3684210526,46.0,0,0.5877192982,0.2307692308,118.8632177,2.5,0.1346153846,0.61,2291,0.3,0.0087719298,Abercrombie & Fitch Co.,5.0,0.75
3.1,3.7,0.4444444444444444,0.80,3.6,3.1,0.0044077686,0.17112922,0.0225225225,42.0,0,0.1711711712,0,2.857809518,3.4,0,0.93,4284,0.384615385,0,Accenture PLC,9.0,0
3.1,3.4,0.0,0.80,3.2,3.5,0.0037215194,0.133126935,0.0434782609,51.0,0,0.0869565217,0,348.4482954,3.2,0,1.00,579,0.25,0,Aditya Birla Group,0.0,0
3.4,3.2,0.0,0.29,3,3,0.0862357956,0,0,50.0,1,0,0,2014.275374,3.1,0,0.35,435,0,0,Air China Limited,1.0,0
3.2,3.8,-0.5,0.95,3.9,3.3,0.0218716955,0.1439393939,0.125,47.0,0,0.5,0,33.24373478,4,0,0.96,435,0.090909091,0,Alibaba Group Holding Ltd ADR,4.0,0
4,4.4,1.25,0.91,4,3.9,0.0053996368,0.6783608914,0.2516046213,39.0,1,0.783055199,0.0144927536,33.24373478,4.5,0,0.99,2291,0.25,0,Alphabet Inc,12.0,0.1884057971
2.7,3.3,-0.5,0.64,3.4,3,0.2226102364,0.5756651623,0.491642254,45.0,0,0.7454764777,0.3472693032,33.24373478,3.6,0.0998116761,0.81,2291,0.181818182,0.0921936929,Amazon.com Inc,6.0,0.9664783427
3.1,3.1,-0.5,0.68,3.4,2.8,0.00160897,0.5970451011,0.3894389439,47.0,0,0.8458551738,0.6403162055,2014.275374,3.3,0.3589651455,0.61,2291,0.153846154,0.0421277422,American Airlines Inc,4.0,0.9996406755
3.8,3.8,0.3,0.76,3.3,3.2,0.0027005801,0.5985901704,0.2273972603,41.0,0,0.504109589,0.2555555556,4.454901804,3.5,0.0777777778,0.86,2291,0.230769231,0.1890410959,American Express Company,10.0,0.7888888889
3.2,2.7,-0.5,0.43,2.7,2.4,0.0049763742,0.3035887488,0.350877193,47.0,0,0.6140350877,0,4.454901804,3.2,0,0.48,2291,0.1875,0.298245614,American International Group Inc,4.0,0.4545454545
3.5,3.7,0.3333333333333333,0.72,3.2,2.9,0.003209111,0.1681034483,0.0666666667,48.0,1,0.2666666667,0,348.4482954,3.8,0,0.84,4284,0.2,0,Anglo American PLC,3.0,0.5
3.4,4.2,0.2,0.82,3.5,3.6,0.0595115494,0.6241365059,0.3212560386,46.0,1,0.8754940711,0.8592741935,33.24373478,4.1,0.4185483871,0.95,2291,0.25,0.0030742205,Apple Inc,5.0,0.9681451613
3.2,3.1,0.0,0.60,3,2,0.0058038856,0,0,51.0,0,0,0,118.8632177,2.4,0,0.77,4284,0.222222222,0,Associated British Foods PLC,0.0,0
3.6,3.5,-2.0,0.67,3.2,3,0.0067119062,0.3012244898,0.2469135802,50.0,0,0.5679012346,0,15.62358106,3.8,0,0.82,4284,0.333333333,0.2222222222,AstraZeneca PLC,1.0,0
2.8,3.2,-0.6,0.63,3.2,2.8,0.009925533,0.4392991239,0.2161016949,46.0,1,0.6440677966,0.1904761905,6.814095103,3.8,0.0952380952,0.73,2291,0.307692308,0.0211864407,AT&T Inc,5.0,0.5952380952
3.6,3.5,0.5,0.81,3.5,3.4,0.0066433175,0.414148015,0.5102040816,47.0,1,0.749271137,0.2066115702,43.94237737,4.1,0.1157024793,1.00,3621,0.142857143,0.0816326531,Audi AG,4.0,0.6033057851
3.7,3.3,0.0,0.63,3,3,0.0028174396,0.4036102211,0.3632148377,49.0,0,0.7480680062,0.7434782609,4.454901804,3.3,0.3913043478,0.71,4284,0.214285714,0.0340030912,Aviva PLC,2.0,0.8652173913
3.6,3.2,-1.5,0.66,3,2.8,0.0050816753,0.2246982358,0.0147058824,49.0,0,0.3088235294,0,43.94237737,3.3,0,0.75,4284,0.230769231,0,BAE Systems PLC,2.0,0
3.4,3.7,-0.25,0.84,4.2,3.8,0.0056077294,0.164021164,0.1923076923,47.0,1,0.3846153846,0.5,33.24373478,4.1,0.5,0.96,435,0,0,Baidu Inc,4.0,0.5
3.5,3.3,0.0,0.65,3.1,3.1,0.0120022621,0.4862686668,0.2034656233,48.0,0,0.8401341532,0.838940587,4.454901804,3.4,0.6213314245,0.86,3502,0.333333333,0.0989379542,Banco Santander SA ADR,3.0,0.9105225483
3.3,3.2,-1.0,0.61,3.2,2.8,0.0115532815,0.7022512574,0.6477124183,49.0,1,0.8741830065,0.4425981873,4.454901804,3.5,0.168429003,0.73,2291,0.285714286,0.0218954248,Bank of America Corporation,2.0,0.753776435
3.3,2.8,-0.5,0.58,2.9,2.9,1.537694223,0,0,49.0,1,0,0,4.454901804,2.9,0,0.86,435,0,0,Bank of China Limited,2.0,0
3.4,3.2,-0.2857142857142857,0.60,3,2.7,0.0075209849,0.5454517413,0.3355010346,44.0,1,0.9033402306,0.9248714907,4.454901804,3.3,0.4907077896,0.62,4284,0.25,0.0795152232,Barclays PLC,7.0,0.9952550415
2.7,3.2,-0.6666666666666666,0.38,3.2,3.3,0.00093342,0.3024691358,1,48.0,0,1,0,6.2336288,3.4,0,0.50,4284,0.222222222,0,Barratt Developments PLC,3.0,0
3.6,3.7,0.6666666666666666,0.79,3.4,3.4,0.0079898642,0.4910663908,0.412979351,42.0,0,0.6312684366,0.0762711864,43.94237737,3.6,0.0254237288,0.89,3621,0.1,0.0560471976,Bayerische Motoren Werke AG,9.0,0.3474576271
2.7,3,-2.0,0.53,2.7,2.6,0.1238436565,0.4950929014,0.4096728307,50.0,0,0.5049786629,0.5297619048,370.278614,3.7,0.4166666667,0.91,579,0,0.0469416785,Bharat Petroleum Corporation Ltd ,1.0,0.5952380952
2.7,3.2,-2.0,0.67,3.2,3,0.0045634357,0.2481977343,0.125,50.0,0,0.2142857143,1,6.814095103,3.4,1,0.94,579,0.166666667,0,Bharti Airtel Limited,1.0,1
3.1,3,-2.0,0.55,2.7,2.5,0.0141523785,0.1584158416,0,50.0,1,0.2222222222,0,348.4482954,4.1,0,0.77,4284,0.333333333,0,BHP Billiton PLC,1.0,0
3.2,3.5,-1.5,0.72,3.3,3.3,0.0023616165,0.1627906977,0,47.0,0,0.1724137931,0,4.454901804,3.2,0,0.89,2291,0.2,0,BlackRock Inc,4.0,0
3.3,3.7,0.0,0.81,3.8,3.7,0.000330436,0.1231343284,0,0.0,0,0.1176470588,0,4.454901804,4.1,0,0.94,2291,0.0833333333,0,Blackstone,0.0,0
3.8,3.6,-1.125,0.73,3.1,3,0.0053050913,0.2243713733,0.2,43.0,1,0.28,0.3333333333,370.278614,4,0.1904761905,0.77,4284,0.153846154,0,BP PLC,8.0,0.7619047619
3.1,3.7,-1.3333333333333333,0.75,3.6,3.2,0.0173270508,0.1894736842,0,42.0,1,0.1538461538,0,7.582538527,3.9,0,0.87,4284,0.333333333,0,British American Tobacco Plc,9.0,0
3.1,3,-0.25,0.59,3,2.6,0.0064510322,0.4790426704,0.2302345786,47.0,0,0.558753258,0.5566353887,6.814095103,3.3,0.322386059,0.81,4284,0.272727273,0.0387706342,BT Group Plc,4.0,0.813002681
3.1,3.6,0.6,0.67,2.9,2.9,0.0028442843,0.3580865604,0,46.0,0,0.0070422535,0,118.8632177,3.6,0,0.88,4284,0.363636364,0,Burberry Group PLC,5.0,0
2.9,3.4,0.2,0.64,3,2.9,0.0036118874,0.2210823288,0.0127118644,46.0,0,0.156779661,0,285.8149657,3.1,0,0.84,2291,0.3,0,Carnival Plc,5.0,0
3.7,3.3,0.0,0.73,3.2,2.6,0.0036158344,0.1725067385,0,50.0,0,0.2,0,370.278614,3.8,0,0.62,4284,0.153846154,0,Centrica PLC,1.0,0
2.9,3,-0.5,0.58,3.2,2.8,0.0045416321,0.4214761291,0.1507319003,49.0,1,0.4688118159,0.5915492958,6.814095103,3.7,0.4127843987,0.70,2291,0.076923077,0.0054068311,Charter Communication Inc,2.0,0.9978331528
4,3.9,-2.0,0.83,3.5,3.3,0.0085294502,0.3216080402,0.3125,50.0,1,0.65625,0.125,370.278614,4.1,0,0.86,2291,0.3,0.0625,Chevron Corporation,1.0,0.25
3.7,3.5,0.0,0.73,3.4,3.5,2.8622498532,0,0,49.0,0,0,0,6.814095103,3.6,0,0.95,435,0,0,China Mobile Communications Corporation,2.0,0
3.8,2.9,-0.75,0.47,3.4,3.5,1.1517032703,0,0,47.0,0,0,0,370.278614,3.9,0,1.00,435,0,0,China Petroleum & Chemical Corp.,4.0,0
3.9,3.8,0.375,0.80,3.5,3.3,0.0080143268,0.1607476636,0.0099009901,43.0,0,0.2079207921,0,33.24373478,3.7,0,0.93,2291,0.181818182,0,Cisco Systems Inc,8.0,0.3333333333
3.3,3.3,0.4,0.68,3.3,2.9,0.0093340219,0.6270468586,0.5046082949,46.0,1,0.7091013825,0.4842519685,4.454901804,3.3,0.2598425197,0.84,2291,0.3125,0.0806451613,Citigroup Inc,5.0,0.6299212598
3.5,4,0.6,0.82,3.4,3.4,0.0051639295,0.2372093023,0.328125,46.0,1,0.53125,0.1,118.8632177,3.6,0,0.93,2291,0.3,0.03125,Colgate-Palmolive Company,5.0,0.25
3.2,3.2,-0.16666666666666666,0.65,3.3,2.9,0.0044685748,0.6863365252,0.5768472906,45.0,1,0.8753694581,0.2987477639,6.814095103,3.7,0.1854502087,0.79,2291,0.181818182,0.007635468,Comcast Corporation,6.0,0.6344663089
3.5,3.5,-1.2,0.74,3.4,3.1,0.0059831827,0.1911392405,0.0224719101,46.0,0,0.1348314607,0,4.454901804,3.5,0,0.66,9293,0.230769231,0,Credit Suisse Group,5.0,0
2.5,2.7,0.75,0.36,2.7,2.3,0.0033250327,0.174025974,0.0857142857,47.0,0,0.2857142857,0.2,118.8632177,2.7,0.2,0.37,2291,0.272727273,0.0142857143,CVS Health,4.0,0.6
3.9,3.7,0.25,0.89,3.4,3.5,0.0069918208,0.1446317657,0,47.0,0,0.1333333333,0.7272727273,43.94237737,4.2,0.3636363636,1.00,3621,0.2,0,Daimler AG,4.0,0.9090909091
3.3,3.2,-0.5,0.63,3.2,2.8,0.00667364,0.2208729898,0.0652173913,45.0,1,0.1630434783,0.1,4.454901804,3.3,0.1,0.81,3621,0.368421053,0.0597826087,Deutsche Bank AG,6.0,0.4
3.5,3.1,0.0,0.71,2.9,2.8,0.0122410071,0.1430793157,0,47.0,0,0.0434782609,0,6.814095103,3.4,0,0.96,3621,0.3,0,Deutsche Telekom AG,4.0,0
3.4,3.6,0.0,0.71,3.4,2.8,0.0120502649,0.1706539075,0.051948052,47.0,0,0.2597402597,0,118.8632177,3.6,0,0.79,4284,0.416666667,0,Diageo PLC,4.0,0
2.9,2.9,0.0,0.49,2.3,2.3,0.0009608881,0.4396456257,0.4136253041,49.0,0,0.9270072993,0.7795698925,4.454901804,3.2,0.5591397849,0.54,4284,0.25,0.0097323601,Direct Line Insurance Group PLC,2.0,0.9086021505
3.6,3.7,1.3333333333333333,0.74,3.2,3,0.0004173628,0.248553393,0.0036363636,45.0,0,0.1636363636,0.8,6.814095103,3.6,0.8,0.78,2291,0,0,Discovery Communications Inc,6.0,0.8
2.4,2.8,-1.0,0.41,2.8,2.6,0.00228974,0.5065569862,0.3906451613,49.0,0,0.7332258065,0.0405576679,118.8632177,3,0.0190114068,0.83,4284,0.230769231,0.0625806452,Dixons Carphone PLC,2.0,0.4835234474
4,5,0.0,0.52,3.7,3.8,0.0681595788,0,0,49.0,0,0,0,43.94237737,3.7,0,1.00,435,0.111111111,0,Dongfeng Motor Corporation,2.0,0
2.8,3.2,0.0,0.58,3.3,2.9,0.0005641215,0.5271310574,0.6023640662,47.0,0,0.588179669,0.0958373669,2014.275374,3.5,0.0416263311,0.90,4284,0.2,0.16643026,EasyJet PLC,4.0,0.4743465634
3.8,3.6,0.0,0.72,3.3,2.9,0.0024876723,0.4906283134,0.3811074919,48.0,0,0.8360477742,0.0588574726,33.24373478,3.9,0.0155799192,0.80,2291,0.166666667,0.0488599349,Ebay Inc,3.0,0.2833237161
3.5,3.7,0.0,0.81,3.4,3.3,0.0015005224,0.6166174223,0.3665947202,48.0,0,0.761082517,0.683586025,33.24373478,3.7,0.5052735662,0.92,2291,0.1,0.0924788312,Electronic Arts Inc,3.0,0.8777191826
3.4,3.1,0.25,0.59,2.7,2.2,0.0065933656,0.4564784053,0.5714285714,47.0,0,0.6753246753,0.0303030303,2.857809518,3.4,0,0.59,4284,0.333333333,0.012987013,Experian PLC,4.0,0.2121212121
3.4,3.5,-1.75,0.70,3.5,3.2,0.0126537753,0.2094017094,0.2894736842,47.0,1,0.6842105263,0,370.278614,3.9,0,0.85,2291,0.230769231,0,Exxon Mobil Corporation,4.0,0
3.8,4.5,1.0,0.92,4.4,4.2,0.0740682566,0.3418241578,0.5352112676,46.0,1,0.661971831,0.3333333333,33.24373478,4.6,0.0666666667,0.98,2291,0.375,0.014084507,Facebook Inc,5.0,0.8666666667
3.6,3.6,0.0,0.79,3.5,3.3,0.0026331616,0.2720883534,0.0303030303,50.0,0,0.6818181818,0.347826087,43.94237737,3.8,0.1304347826,0.92,2291,0.142857143,0,Ford Motor Company,1.0,0.652173913
3.9,3.8,2.0,0.78,3,3.2,0.0047609144,0.4179519748,0.5049614112,49.0,0,0.6681367144,0.0363951473,33.24373478,3.6,0,0.83,2291,0.142857143,0.1411245865,Garmin Ltd,2.0,0.2790294627
3.5,3.8,0.5,0.82,3.7,3.3,0.0081122469,0.2104575163,0.1590909091,45.0,1,0.5681818182,0.25,43.94237737,3.5,0.25,0.87,2291,0.25,0,General Electric Company,6.0,0.25
3.6,3.7,0.6666666666666666,0.68,3.1,2.9,0.0035091913,0.2947007244,0.2115384615,48.0,1,0.4487179487,0.0576923077,18.3139134,3.6,0,0.68,2291,0.266666667,0.0448717949,General Mills Inc,3.0,0.1730769231
3.5,3.3,-0.14285714285714285,0.73,3.4,3,0.0017577982,0.452001855,0.6279069767,44.0,0,0.8471760797,0.0620689655,43.94237737,3.8,0.0137931035,0.91,2291,0.5,0.0697674419,General Motors Company,7.0,0.6965517241
3.4,3.4,0.75,0.66,3.1,2.8,0.0104254235,0.2181132075,0.0194805195,47.0,1,0.3506493506,0,15.62358106,3.7,0,0.67,4284,0.416666667,0,Glaxosmithkline PLC,4.0,0
3.4,3.3,0.3333333333333333,0.60,3,3.3,0.0027587901,0.2423312883,0.2941176471,48.0,0,0.7058823529,0,118.8632177,3.4,0,0.77,579,0.25,0.0588235294,Godrej Consumer Products Limited,3.0,0
2.7,2.6,0.0,0.55,3.3,2.9,0.0052132347,0,0,49.0,0,0,0,118.8632177,2.4,0,0.75,435,0.375,0,Haier Group,2.0,0
2.7,2.2,0.0,0.31,2.2,2.6,0.0028631357,0.3571815718,0.0181818182,50.0,0,0.1116883117,0.5,4.454901804,1.7,0,0.39,4284,0.285714286,0,Hargreaves Lansdown PLC,1.0,1
3.3,3.6,0.0,0.71,3.5,3.2,0.0022580681,0.6844435762,0.8326947637,49.0,0,0.8033205619,0.6624605678,285.8149657,3.4,0.1009463722,0.87,2291,0.25,0.0702426565,Hilton Hotels Corporation,2.0,1
2.9,3.5,1.0,0.59,3,2.8,0.054388939,0.315491508,0.0847457627,48.0,0,0.6101694915,0,43.94237737,3.3,0,0.87,4079,0.076923077,0,Honda Motor Co Ltd,3.0,0.0476190476
3.1,3,0.0,0.60,3,2.6,0.0025547346,0.1745479833,0,49.0,0,0.3258426966,0,43.94237737,2.9,0,0.68,2291,0.25,0,Honeywell International Inc,2.0,0
3.5,3.3,-0.5,0.65,3.1,2.8,0.0139325348,0.5613194249,0.5044303797,45.0,1,0.8189873418,0.8853721129,4.454901804,3.2,0.5299401198,0.68,4284,0.3,0.2012658228,HSBC Holdings PLC,6.0,0.9760479042
2.3,2.6,-0.6,0.54,3.2,2.6,0.0001497014,0,0,46.0,1,0,0,33.24373478,3.4,0,0.76,435,0.1,0,Huawei Technologies Co. Ltd,5.0,0
2.6,3.1,-1.5,0.58,3.3,2.8,0.0323863676,0.7579943987,0.3386802771,49.0,0,0.7812613926,0.2042253521,4.454901804,3,0.0907668232,0.83,579,0.230769231,0.1447320452,ICICI Bank ,2.0,0.6971830986
3.4,3.2,-2.0,0.57,3,2.7,0.0089164938,0.1842105263,0.1666666667,49.0,0,0.3333333333,0,7.582538527,3.7,0,0.60,4284,0.3,0,Imperial Tobacco Group Plc,2.0,0
3.7,3.4,0.0,0.73,3.3,2.9,0.0017080969,0.3841086206,0.0919220056,51.0,0,0.2103064067,0.3130434783,370.278614,3.8,0.1217391304,0.81,579,0,0.008356546,Indian Oil Corporation Ltd,0.0,0.6347826087
3.4,3.8,0.16666666666666666,0.72,3.4,2.9,0.0048359386,0.2791097996,0.0119760479,45.0,0,0.1417165669,0,2.857809518,2.8,0,0.95,579,0.222222222,0,Infosys Limited,6.0,0
3.5,3.6,1.0,0.75,3.5,3,0.0121075614,0.2359550562,0.2881355932,47.0,0,0.5593220339,0.2083333333,33.24373478,3.9,0.0416666667,0.69,2291,0.181818182,0.0169491525,Intel Corporation,4.0,0.7708333333
3.5,3.7,1.0,0.77,3.5,3.3,0.0017435798,0.2446236559,0.25,45.0,0,0.5,0,285.8149657,3.4,0,0.90,4284,0.333333333,0,Intercontinental Hotel Group Plc,6.0,0
3.5,3.3,-0.4,0.59,3.2,2.7,0.0074998928,0.1725969198,0.0322580645,46.0,0,0.1693548387,0.4,33.24373478,3,0.4,0.55,2291,0.214285714,0.0080645161,International Business Machines Corporation,5.0,0.8
2.8,2.7,-2.0,0.45,2.7,2.1,0.0011503511,0.5694230105,0.4891803279,49.0,0,0.8413114754,0.0248606944,2014.275374,2.7,0.0060008573,0.53,4284,0.25,0.0797814208,International Consolidated Airlines Group,2.0,0.1924560652
2.8,3.5,1.0,0.70,3.4,3,0.1090795199,0.147826087,0,49.0,0,0.1428571429,1,118.8632177,3.6,0,0.96,579,0.153846154,0,ITC Limited ,2.0,1
3.4,3.5,0.0,0.76,3,3.5,0.0017289331,0.2504140444,0.0317124736,49.0,0,0.3615221987,0.6097560976,6.814095103,3.1,0.4390243902,0.76,4284,0.25,0.0063424947,ITV Plc,2.0,0.7317073171
3.3,3.6,0.16666666666666666,0.71,3.2,3.1,0.001748647,0.5847966728,0.4861763172,45.0,0,0.8562858633,0.1653139684,118.8632177,3.2,0.0538231525,0.77,4284,0.333333333,0.0036515389,J Sainsbury PLC,6.0,0.7009824861
2.7,2.7,0.5,0.40,3,2.7,0.0034177406,0.5576120122,0.5492227979,49.0,0,0.7579570688,0.3428201811,118.8632177,2.2,0.0905562743,0.60,4284,0.166666667,0.0666173205,JD Sports Fashion PLC,2.0,0.9042690815
3.7,4,1.3333333333333333,0.84,3.5,3.4,0.0136714125,0.271620487,0.2459016393,45.0,1,0.5491803279,0,15.62358106,4,0,0.95,2291,0.272727273,0.1229508197,Johnson & Johnson,6.0,0.1612903226
3.2,3.4,-0.5,0.69,3.4,3,0.0132413141,0.1755725191,0.0185185185,49.0,1,0.1851851852,0,4.454901804,3.5,0,0.87,2291,0.083333333,0,JPMorgan Chase & Company,2.0,0
3.5,3.4,0.0,0.46,2.6,2.5,0.0039422401,0.1224489796,0.0833333333,50.0,0,0.3333333333,0,118.8632177,3.3,0,0.72,4284,0.444444444,0,Kingfisher PLC,1.0,0
2.7,3.2,0.0,0.68,3.4,2.9,0.020898277,0,0,50.0,0,0,0,6.2336288,3,0,0.87,579,0.1,0,Larsen & Tuobro Limited,1.0,0
3.4,2.5,0.3333333333333333,0.48,2.4,2.1,0.0024587309,0.3155893536,0.2427184466,48.0,0,0.3980582524,0.4482758621,4.454901804,2.8,0.224137931,0.13,4284,0.3,0.1067961165,Legal & General Group PLC,3.0,0.6724137931
3,3.1,-0.3333333333333333,0.56,2.8,2.8,0.0003308205,0,0,48.0,0,0,0,33.24373478,3.4,0,0.78,435,0.090909091,0,Lenovo Group Ltd,3.0,0
4.2,4.5,1.0,0.89,4.2,4.1,0.0013052329,0.5176462762,0.4868871152,48.0,1,0.8061573546,0.7427101201,33.24373478,4.4,0.4545454545,0.97,2291,0.142857143,0.082668187,LinkedIn Corporation,3.0,0.897084048
3.6,3.3,0.0,0.59,3.1,2.9,0.0041849943,0.5598072805,0.3811816193,43.0,0,0.9094091904,0.8345444382,4.454901804,3.2,0.3387367244,0.77,4284,0.230769231,0.0796498906,Lloyds Banking Group PLC,8.0,0.9949692566
3.4,3.2,0.5,0.78,2.7,3,0.001316675,0.1898148148,0,49.0,0,0.0714285714,0,4.454901804,3.1,0,0.94,4284,0.181818182,0,London Stock Exchange Group PLC,2.0,0
2.8,3.2,-0.7142857142857143,0.68,3,3,0.0224224305,0.2090702948,0,44.0,1,0.0746268657,0,118.8632177,3,0,0.88,5928,0.352941176,0,LVMH MoÃ«t Hennessy Louis Vuitton SE,7.0,0.5
3.2,3.5,0.8,0.67,3,2.8,0.0045996173,0.5262764975,0.3389040031,46.0,0,0.835211815,0.0185414092,118.8632177,3.3,0.0043263288,0.43,4284,0.3,0.0660707346,Marks and Spencer Group PLC,5.0,0.4227441286
3.2,3.8,0.0,0.73,3.6,3.3,0.0016257788,0.3397742076,0.3460207612,44.0,1,0.6228373702,0.2962962963,285.8149657,3.4,0.1759259259,0.91,2291,0.3,0.0276816609,Marriott International,7.0,0.7222222222
3.6,3.5,0.7777777777777778,0.71,3.1,3,0.0071536998,0.2944325482,0.064516129,42.0,1,0.5,0.2272727273,4.454901804,3.7,0.0909090909,0.90,2291,0.166666667,0.0161290323,Mastercard Inc,9.0,0.3636363636
3.2,2.9,0.1111111111111111,0.55,2.7,2.4,0.0011140326,0.3108587651,0.5205479452,42.0,0,0.7808219178,0.12,118.8632177,3.4,0.04,0.50,2291,0.3,0.0547945206,Mattel Inc,9.0,0.38
3,3,-0.6666666666666666,0.55,3.1,2.8,0.0126159901,0.6499098143,0.0103519669,45.0,1,0.7559893523,0.2544529262,18.3139134,2.6,0.0508905852,0.69,2291,0.25,0.0026619343,Mcdonald's Corpoation,6.0,0.5267175573
3.4,3.2,-0.6,0.64,2.8,2.7,0.0071620128,0.1952580195,0.0638297872,46.0,1,0.2765957447,0,15.62358106,3.6,0,0.68,2291,0.307692308,0.0638297872,Merck & Co. Inc,5.0,0
3.6,3.7,-1.0,0.84,3.7,3.3,0.024603097,0.6127997298,0.2334070796,48.0,0,0.7201327434,0.2513134851,33.24373478,4.1,0.0560420315,0.93,2291,0.272727273,0.0282079646,Microsoft Corporation,3.0,0.7600700525
2.8,2.8,-0.5,0.48,2.7,2.6,0.0033941417,0.3544372294,0.4105263158,49.0,1,0.6315789474,0,18.3139134,3.2,0,0.45,2291,0.285714286,0,Mondelez International Inc,2.0,0.0263157895
3.8,3.7,-0.2,0.71,3.1,3,0.0026837693,0.1648634724,0.0119047619,46.0,0,0.1428571429,0.4615384615,18.3139134,3.5,0.2307692308,0.89,2291,0.1,0,Monster Beverage Corporation,5.0,0.8461538462
3.3,3.6,-0.6666666666666666,0.72,3.4,3.2,0.0027593035,0.1873417722,0.0212765957,45.0,1,0.2127659574,0,4.454901804,3.3,0,0.90,2291,0.142857143,0,Morgan Stanley,6.0,0
3.8,3.3,0.0,0.71,3.5,2.7,0.0228486656,0.4337236534,0.6635514019,47.0,0,0.8317757009,0.1754385965,370.278614,3.4,0.0701754386,0.64,4284,0.363636364,0.1308411215,National Grid PLC,4.0,0.5964912281
3.4,3.9,1.0,0.68,3.4,3.5,0.0024462004,0.4821937666,0.0686896552,43.0,1,0.3853793103,0.3485647335,33.24373478,4.4,0.2114821324,0.86,2291,0.333333333,0.0405517241,Netflix Inc,8.0,0.6004686585
3.2,3.1,-1.5,0.56,3.1,2.9,0.0002349711,0.1,0,47.0,1,0,0,6.814095103,3.1,0,0.49,2291,0.25,0,News Corporation,4.0,0
3.3,3.4,0.0,0.67,3.3,3.2,0.0013482958,0.5621790325,0.5504264927,49.0,0,0.7757150025,0.1018050542,118.8632177,3.6,0.0454873646,0.66,4284,0.555555556,0.150526844,Next PLC,2.0,0.3198555957
3.6,4.2,1.1666666666666667,0.82,3.5,3.3,0.001950121,0.5621174903,0.1342281879,45.0,0,0.538438072,0.2325268817,118.8632177,3.6,0.1088709677,0.94,2291,0.25,0.0314215985,Nike Inc,6.0,0.5456989247
3.4,3.4,0.4,0.73,3.3,2.9,0.016625448,0.1948998179,0.0845070423,46.0,1,0.4225352113,0,15.62358106,3.8,0,0.82,9293,0.25,0.0704225352,Novartis AG ADR,5.0,0
3.5,4,0.25,0.85,3.8,3.6,0.003480067,0.1722319859,0.0571428571,47.0,1,0.1904761905,0.1333333333,33.24373478,3.8,0.1333333333,0.95,2291,0.166666667,0.0095238095,Nvidia Corporation,4.0,0.6
2.5,3.1,1.6666666666666667,0.64,3.1,3,0.0002221388,0.5067574459,0.4405630865,48.0,0,0.8639207508,0.1976284585,118.8632177,2.7,0.1043478261,0.67,4284,0.090909091,0.0448383733,Ocado Group,3.0,0.7177865613
3.7,3.1,0.0,0.66,3.1,2.9,0.001976599,0.2427259653,0.0298245614,50.0,1,0.2368421053,0,33.24373478,3.1,0,0.70,2291,0.230769231,0,Oracle Corporation,1.0,0
3.3,2.8,0.0,0.35,2.4,2.2,0.0044401863,0.2086834734,0.0384615385,49.0,0,0.2820512821,0,118.8632177,3.2,0,0.25,4284,0.272727273,0,Pearson PLC,2.0,0
2.7,3.2,0.5,0.61,3.2,2.9,0.0058301024,0.1658031088,0,45.0,1,0.275862069,1,18.3139134,3.5,0,0.77,2291,0.2,0,Pepsico Inc,6.0,1
3.6,3.5,0.6666666666666666,0.77,3.3,3.2,0.0115594307,0.2109968708,0.0839160839,48.0,1,0.3076923077,0,15.62358106,3.9,0,0.85,2291,0.272727273,0.006993007,Pfizer Inc,3.0,0
3.7,3.6,0.0,0.70,3.3,3.3,0.0021151285,0.2040268456,0.0843373494,49.0,0,0.3012048193,0.6,4.454901804,3.5,0.4,0.90,2291,0.230769231,0.0120481928,Prudential Financial Inc,2.0,0.6
3.1,3.1,-0.4,0.65,3.3,2.9,0.0229298232,0.3377777778,0.0757575758,46.0,0,0.0606060606,0,370.278614,3,0,0.86,579,0.071428571,0,Reliance Industries India,5.0,0
3.2,3.4,-0.8,0.69,3,2.8,0.0192290828,0.1423076923,0,46.0,0,0.1333333333,0,348.4482954,4,0,0.87,4284,0.272727273,0,Rio Tinto PLC,5.0,0
3.7,3.2,0.0,0.73,3.3,2.8,0.0216205213,0.1691331924,0,42.0,0,0.2142857143,0,43.94237737,3.4,0,0.93,4284,0.214285714,0,Rolls Royce Holding Plc,9.0,0
3.7,3.7,-0.14285714285714285,0.77,3.4,3.1,0.032412776,0.2387511478,0.064516129,44.0,1,0.2419354839,0,370.278614,4,0,0.86,4284,0.272727273,0.0161290323,Royal Dutch Shell PLC,7.0,0
3.4,3,0.0,0.62,2.9,2.4,0.0031284637,0.5324449279,0.447556615,48.0,0,0.7479141836,0.5707116788,117.7410762,3.5,0.1592153285,0.49,4284,0.375,0.0831346842,Royal Mail PLC,3.0,0.8239051095
2.7,2.5,-0.7142857142857143,0.52,3.1,2.1,0.0048657695,0.4367761194,0.3721212121,44.0,0,0.6012121212,0.8904267589,2014.275374,2.2,0.6747404844,0.56,4284,0.166666667,0.0739393939,Ryanair Ltd,7.0,0.9653979239
3.5,4,1.25,0.87,3.4,3.3,0.0109737472,0.125,0.1428571429,47.0,0,0.5714285714,0,18.3139134,3.8,0,0.86,4284,0.214285714,0,SABMiller PLC,4.0,0
2.5,2.6,-0.5,0.52,3,2.5,0.0155682471,0.5909963601,0.5906225374,43.0,1,0.9054373522,0.6297598125,33.24373478,3.6,0.3175161101,0.64,4079,0.1,0.0496453901,"Samsung Electronics Co., Ltd.",8.0,0.8886936145
3.9,4,0.16666666666666666,0.86,3.7,3.6,0.0199190475,0.3150508377,0.0240963855,45.0,0,0.1590361446,0.6666666667,33.24373478,4,0.6666666667,0.95,3621,0.166666667,0,SAP SE ,6.0,0.6666666667
3.5,3.6,-2.0,0.61,2.8,2.6,0.0013825988,0.2911522634,0.052631579,50.0,0,0.4035087719,0,4.454901804,2.7,0,0.97,4284,0.1,0,Schroders PLC,1.0,0
2.7,2.7,0.0,0.47,2,1.6,0.0021263579,0.4051315934,0.3496801706,51.0,0,0.8208955224,0.8715953307,68.76098713,3.1,0.5486381323,0.56,4284,0.333333333,0.0469083156,Severn Trent Plc,0.0,0.9961089494
3.2,3.5,-1.0,0.65,3.2,2.8,0.0007143632,0.5603632133,0.3486238532,50.0,0,0.8155963303,0.4580610022,6.814095103,3.6,0.3316993464,0.86,4284,0.181818182,0.0434250765,Sky Plc,1.0,0.5838779956
3.5,3.5,0.3333333333333333,0.69,3,3,0.0092652533,0.3354112206,0.181547619,48.0,1,0.3928571429,0.7264957265,33.24373478,3.4,0.5213675214,0.89,4079,0,0.0416666667,Sony Corporation,3.0,0.8547008547
3.8,4.2,1.8,0.83,3.9,3.6,0.0038499558,0.5516624803,0.2491719745,46.0,1,0.8099363057,0.9076923077,2014.275374,4.1,0.6552706553,0.84,2291,0.1818181818,0.0188535032,SouthWest Airlines Company,5.0,0.992022792
3,2.8,0.0,0.53,3.1,3.1,0.0101962657,0.5809445809,0.5294117647,0.0,1,0.3054298643,0.0229885058,118.8632177,3.1,0.0076628352,0.57,4284,0.166666667,0.3733031674,Sports Direct International PLC,0.0,0.2260536398
3,3.1,0.0,0.55,3,2.4,0.0080944494,0.5201360794,0.4763513514,51.0,0,0.8074324324,0.4589371981,370.278614,3,0.2536231884,0.65,4284,0.333333333,0.1824324324,SSE PLC,0.0,0.6666666667
3.2,3.4,0.14285714285714285,0.61,3.2,2.8,0.0021083457,0.1562952243,0.0263157895,44.0,0,0.2894736842,0,4.454901804,3.2,0,0.87,4284,0.153846154,0,Standard Chartered PLC,7.0,1
4.2,3.7,0.0,0.69,3.4,3.4,0.0016925131,0.1491841492,0.0833333333,50.0,0,0.375,0,4.454901804,3.7,0,1.00,4284,0.25,0,Standard Life PLC,1.0,0
3.2,3.2,1.0,0.53,2.8,2.7,0.0005578708,0.7022956704,0.0752181089,49.0,0,0.8486206083,0.9287598945,118.8632177,2.8,0.7203166227,0.45,2291,0.181818182,0.0122612591,Staples Inc,2.0,0.9656992084
3.4,4,1.0,0.78,3.4,3.2,0.0039403568,0.3745001052,0.1075460487,46.0,0,0.4183006536,0.3567839196,118.8632177,3.8,0.2462311558,0.90,2291,0.25,0.0065359477,Starbucks Corporation,5.0,0.6834170854
2.6,3.1,-0.6,0.65,3.5,2.7,0.2072747996,0.7040320098,0.47815876,46.0,0,0.7468294974,0.5506134969,4.454901804,3.4,0.5406441718,0.69,579,0.153846154,0.0126820103,State bank of india,5.0,0.6817484663
2.7,2.6,-1.0,0.46,2.8,2.6,0.0909788643,0,0,48.0,0,0,0,15.62358106,2.6,0,0.53,579,0.111111111,0,Sun Pharmacutical Industries Limited,3.0,0
2.9,2.7,-1.0,0.51,2.4,2.3,0.0006244994,0.6118216561,0.4311926606,49.0,0,0.8176605505,0.4674689733,6.814095103,3.3,0.3960135389,0.76,4284,0.25,0.092603211,TalkTalk Telecom Group,2.0,0.634449041
3,3.4,0.6,0.61,3,2.9,0.0023566096,0.2631578947,0.0333951763,46.0,0,0.5695732839,0.3823529412,118.8632177,3.1,0.1470588235,0.75,2291,0.357142857,0,Target Corp,5.0,0.7941176471
3.8,3.9,0.6666666666666666,0.71,3.4,3.1,0.0297706171,0.51447178,0.2253521127,48.0,1,0.6901408451,0.1081081081,43.94237737,3.1,0.0540540541,0.98,579,0.090909091,0,Tata Motors Limited,3.0,0.3243243243
3.7,3.8,0.5,0.79,3.2,3.1,0.0048558917,0.1959183673,0,43.0,1,0.2272727273,0,348.4482954,3.5,0,0.88,579,0.090909091,0,Tata Steel Limited,8.0,0
3.6,3.4,-0.3333333333333333,0.72,3,2.9,0.0086046585,0.588678253,0.3322324967,48.0,0,0.8269484808,0.0991264717,6.814095103,3.6,0.0603873908,0.98,5928,0.111111111,0.0341259357,Telefonica SA ADR,3.0,0.4405620965
3.4,4.2,0.0,0.84,4,3.7,0.0221001423,0,0,50.0,0,0,0,6.814095103,4.2,0,0.92,435,0,0,Tencent Holdings Limited,1.0,0
3.3,3.3,0.2,0.69,3.2,2.9,0.0029106167,0.6044091349,0.5299094845,46.0,0,0.8728846911,0.3344838406,118.8632177,3.4,0.1559460307,0.81,4284,0.272727273,0.0214482487,Tesco PLC,5.0,0.9212425479
2.4,3.5,1.2142857142857142,0.68,3.6,3.1,0.8119066624,0.1138613861,0,37.0,0,0.5,0,43.94237737,3.3,0,0.91,2291,0.285714286,0,Tesla Motors Inc,14.0,0
3.7,3.2,-0.3333333333333333,0.69,3.3,2.7,0.00615792,0.197260274,0.1818181818,42.0,0,0.3181818182,0,43.94237737,3.8,0,0.86,2291,0.166666667,0,The Boeing Company,9.0,0
3.1,3.2,0.4,0.64,3.1,2.7,0.0125807756,0.2029470864,0.1460674157,46.0,1,0.2640449438,0.1111111111,18.3139134,3.5,0.0277777778,0.68,2291,0.266666667,0.0730337079,The Coca-Cola Company,5.0,0.5277777778
2.7,3.8,-1.0,0.78,3.8,3.4,0.0031533304,0.1695906433,0.0101010101,44.0,1,0.0808080808,0,4.454901804,3.7,0,0.93,2291,0.142857143,0,The Goldman Sachs Group Inc,7.0,0
3,3.6,0.5714285714285714,0.65,3.2,2.9,0.0136899564,0.2492753623,0,44.0,1,0.4090909091,0,40.22780477,3.1,0,0.80,2291,0.230769231,0,The Home Depot Inc,7.0,0
2.2,2.2,0.25,0.29,2.7,2.2,0.0199409356,0.3964208243,0.5674157303,43.0,1,0.7528089888,0.0294117647,18.3139134,3,0,0.24,2291,0.2,0.0337078652,The Kraft Heinz Company,8.0,0.3235294118
3.6,4.2,0.3,0.86,3.6,3.4,0.0162705828,0.1144067797,0,41.0,0,0.2142857143,0,118.8632177,3.9,0,0.95,2291,0.363636364,0,The Procter & Gamble Company,10.0,0
3.9,3.3,0.0,0.59,2.9,2.7,0.0049560597,0.4131998749,0.4382183908,47.0,0,0.8347701149,0.4318618042,4.454901804,3,0.1765834933,0.82,4284,0.25,0.066091954,The Royal Bank of Scotland Group PLC ,4.0,0.9213051823
3.4,4,0.6666666666666666,0.75,3.4,3.3,0.0033059041,0.1639240506,0,48.0,1,0.1825396825,0,6.814095103,3.5,0,0.87,2291,0.272727273,0,The Walt Disney Company,3.0,0
3.7,3.5,0.0,0.71,2.9,3.1,0.0018934049,0.6455383666,0.5232083179,47.0,0,0.8867434088,0.5569620253,6.814095103,3.6,0.388185654,0.95,2291,0.181818182,0.0211659859,Time Warner Inc,4.0,0.9993972272
3.6,3.5,0.0,0.81,3.4,3.3,0.0213661066,0.1477832512,0.04,51.0,0,0.16,0,370.278614,3.5,0,0.80,5928,0.4,0,Total SA ADR,0.0,0
3,3.7,1.375,0.76,3.3,3.2,0.0577219342,0.3359916782,0.2292609351,43.0,0,0.6214177979,0.7819548872,43.94237737,3.7,0.6654135338,0.90,4079,0,0.1131221719,Toyota Motor Corp ADR,8.0,0.9135338346
3.7,3.9,0.0,0.59,3.4,3.4,0.0013449026,0.2282608696,0.1818181818,51.0,0,0.3636363636,0.6,40.22780477,3.4,0.4,0.82,4284,0.333333333,0.0454545455,Travis Perkins PLC,0.0,1
3.6,3.4,1.0,0.62,2.6,2.5,0.0065899664,0.1766513057,0.0952380952,50.0,0,0.5,0,2.857809518,3.7,0,0.67,2291,0.125,0,TripAdvisor Inc,1.0,1
3.4,3.2,-0.6666666666666666,0.85,3.2,3.3,0.001703592,0.1832425068,0.0227272727,48.0,1,0.1477272727,0,6.814095103,3.4,0,0.67,2291,0.076923077,0,Twenty-First Century Fox Inc,3.0,0
4,4,0.5714285714285714,0.74,3.6,3.4,0.1889892856,0.3070291777,0,44.0,1,0.2111111111,0.4,33.24373478,4.1,0.4,0.85,2291,0.3,0,Twitter Inc,7.0,0.6
3.5,3.3,0.0,0.67,3.2,3,0.0035674286,0.2071611253,0.0227272727,45.0,1,0.1212121212,0,4.454901804,3.2,0,0.86,9293,0.272727273,0,UBS Group AG,6.0,0
3.4,3.9,0.7272727272727273,0.79,3.4,3.2,0.0115651086,0.1751085384,0.0493827161,40.0,1,0.3209876543,0.25,118.8632177,3.5,0.25,0.93,4284,0.428571429,0.012345679,Unilever PLC,11.0,0.25
3.1,3.2,0.6666666666666666,0.66,3.4,2.9,0.0085269596,0.7044947358,0.5421940928,48.0,1,0.8457278481,0.8678549478,117.7410762,3.7,0.577750461,0.77,2291,0.272727273,0.1529535865,United Parcel Servie Inc,3.0,0.9692685925
3,3.1,-1.0,0.62,3,2.7,0.0115264784,0.6643589862,0.1919546963,49.0,0,0.7787541496,0.9211753731,6.814095103,4,0.7961753731,0.62,2291,0.230769231,0.0033196641,Verizon Communications Inc,2.0,0.9696828358
3.6,3.6,-0.14285714285714285,0.61,3,2.9,0.0004938619,0.1575931232,0,44.0,1,0.35,0,6.814095103,3.3,0,0.59,2291,0.545454545,0,Viacom Inc,7.0,0
2.1,2,0.0,0.18,2.3,1.8,0.0007407939,0.2357043236,0.1923076923,47.0,0,0.6282051282,0.28,4.454901804,2.8,0.08,0.39,4284,0.375,0,Virgin Money Holdings (UK) PLC,4.0,0.88
3.5,2.5,0.5,0.27,2.6,2.2,0.0165915458,0.1111111111,0,47.0,1,1,1,4.454901804,3.3,0,0.45,2291,0.25,0,Visa Inc,4.0,1
3.3,3.5,0.6666666666666666,0.72,3.2,2.9,0.0101849723,0.6712110625,0.5519060177,45.0,0,0.6964756653,0.5760456274,33.24373478,3.4,0.3307984791,0.87,4284,0.25,0.2157755934,Vodafone Group Plc,6.0,0.8911596958
3.6,3.5,0.0,0.76,3.5,3.1,0.015333236,0.3186142524,0.3061889251,47.0,1,0.664495114,0.7142857143,43.94237737,3.9,0.4789915966,0.75,3621,0.15,0.0651465798,Volkswagen Group,4.0,0.8235294118
2.9,3.1,1.0,0.51,2.9,2.7,0.0122264412,0.3744561611,0.1029551954,48.0,0,0.6587225929,0.2857142857,118.8632177,3,0.1619047619,0.48,2291,0.3,0.0047664442,Walgreens Boots Alliance Inc,3.0,0.5904761905
2.8,3,-0.6666666666666666,0.55,3.2,2.6,0.0112728855,0.6480923812,0.5655997693,48.0,0,0.842704729,0.0297417167,118.8632177,3.1,0.0070440908,0.64,2291,0.25,0.0961649366,Wal-Mart Stores Inc. ,3.0,0.211583616
3.3,3.4,-1.6666666666666667,0.66,3.5,3,0.0119696744,0.1228070175,0.3333333333,48.0,1,0.5555555556,0,4.454901804,3.5,0,0.83,2291,0.4,0,Wells Fargo & Company,3.0,0.25
2.6,3.2,-1.0,0.52,3.2,2.6,0.0105168883,0.2107843137,0.4090909091,49.0,0,0.6363636364,0.4285714286,118.8632177,2.9,0.2857142857,0.37,4284,0.4,0.0909090909,Whitbread PLC,2.0,0.5714285714
3.1,3.6,1.5,0.65,3.3,2.9,0.004368496,0.4979586936,0.13125,49.0,0,0.45,0.2560553633,118.8632177,3.5,0.0692041523,0.68,2291,0.181818182,0.009375,Whole Foods Market Inc,2.0,0.5813148789
2.6,2.8,0.0,0.44,2.7,2.5,0.0020578423,0.5439760054,0.379337232,51.0,0,0.7543859649,0.327388535,118.8632177,3,0.1382165605,0.71,4284,0.285714286,0.0307992203,WM Morrison Supermarkets PLC,0.0,0.8305732484
3.7,3.6,-0.5,0.59,3.2,2.8,0.0011676044,0.3959691761,0.1250659631,47.0,1,0.4068601583,0.3790849673,33.24373478,3.8,0.2254901961,0.65,2291,0.272727273,0.0042216359,Yahoo Inc,4.0,0.7352941176
